<?xml version="1.0" encoding="utf-8" ?> 

<component name="MainScene" extends="Scene" >

<script type="text/brightscript" uri="pkg:/components/MainScene.brs" />

<!-- Transactions -->
<script type="text/brightscript" uri="pkg:/source/utils/transactions/TransactionPool.brs" />

<!-- Commands -->
<script type="text/brightscript" uri="pkg:/source/commands/NetworkBenchmarkCommand.brs" />

<!-- Services -->
<script type="text/brightscript" uri="pkg:/source/services/GetHttpRequest.brs" />
<script type="text/brightscript" uri="pkg:/source/services/ItemsService.brs" />
<script type="text/brightscript" uri="pkg:/source/services/API/ItemsAPI.brs" />
<script type="text/brightscript" uri="pkg:/source/services/TransactionService.brs" />

<!-- Events -->
<script type="text/brightscript" uri="pkg:/source/events/EventDispatcher.brs" />

<!-- Utils -->
<script type="text/brightscript" uri="pkg:/source/utils/debug/Debug.brs" />
<script type="text/brightscript" uri="pkg:/source/utils/GuidGenerator.brs" />
<script type="text/brightscript" uri="pkg:/source/utils/DateUtils.brs" />



<children>
	<Label
		id="indexLabel"
		text="Iteration 0"
		translation="[550,350]" />
</children>

</component>
